AmOneLet,AmAcid,Codon,Percentage,RSCU,GC3
G,Gly,GGG,0.15,0.59,Y
G,Gly,GGA,0.10,0.42,N
G,Gly,GGT,0.34,1.36,N
G,Gly,GGC,0.41,1.63,Y
E,Glu,GAG,0.30,0.61,Y
E,Glu,GAA,0.70,1.39,N
D,Asp,GAT,0.63,1.25,N
D,Asp,GAC,0.37,0.75,Y
V,Val,GTG,0.37,1.48,Y
V,Val,GTA,0.16,0.62,N
V,Val,GTT,0.26,1.04,N
V,Val,GTC,0.21,0.86,Y
A,Ala,GCG,0.36,1.43,Y
A,Ala,GCA,0.21,0.85,N
A,Ala,GCT,0.16,0.64,N
A,Ala,GCC,0.27,1.08,Y
K,Lys,AAG,0.23,0.46,Y
K,Lys,AAA,0.77,1.54,N
N,Asn,AAT,0.44,0.89,N
N,Asn,AAC,0.56,1.11,Y
M,Met,ATG,1.00,1.00,Y
I,Ile,ATA,0.07,0.20,N
I,Ile,ATT,0.51,1.53,N
I,Ile,ATC,0.42,1.27,Y
T,Thr,ACG,0.27,1.07,Y
T,Thr,ACA,0.13,0.50,N
T,Thr,ACT,0.17,0.66,N
T,Thr,ACC,0.44,1.77,Y
W,Trp,TGG,1.00,1.00,Y
C,Cys,TGT,0.44,0.89,N
C,Cys,TGC,0.56,1.11,Y
*,Stop,TGA,0.28,0.85,N
*,Stop,TAG,0.07,0.20,Y
*,Stop,TAA,0.65,1.96,N
Y,Tyr,TAT,0.57,1.14,N
Y,Tyr,TAC,0.43,0.86,Y
F,Phe,TTT,0.57,1.14,N
F,Phe,TTC,0.43,0.86,Y
S,Ser,TCG,0.15,0.93,Y
S,Ser,TCA,0.12,0.72,N
S,Ser,TCT,0.15,0.88,N
S,Ser,TCC,0.15,0.90,Y
S,Ser,AGT,0.15,0.89,N
S,Ser,AGC,0.28,1.68,Y
R,Arg,CGG,0.09,0.55,Y
R,Arg,CGA,0.06,0.37,N
R,Arg,CGT,0.39,2.32,N
R,Arg,CGC,0.41,2.44,Y
R,Arg,AGG,0.02,0.11,Y
R,Arg,AGA,0.03,0.20,N
Q,Gln,CAG,0.65,1.31,Y
Q,Gln,CAA,0.35,0.69,N
H,His,CAT,0.57,1.13,N
H,His,CAC,0.43,0.87,Y
L,Leu,CTG,0.50,3.01,Y
L,Leu,CTA,0.04,0.22,N
L,Leu,CTT,0.10,0.61,N
L,Leu,CTC,0.10,0.63,Y
L,Leu,TTG,0.13,0.76,Y
L,Leu,TTA,0.13,0.77,N
P,Pro,CCG,0.53,2.13,Y
P,Pro,CCA,0.19,0.76,N
P,Pro,CCT,0.16,0.63,N
P,Pro,CCC,0.12,0.49,Y
